City_ID,City,Country,Date,Lat,Lng,Max Temp,Humidity,Cloudiness,Wind Speed
0,Atuona,PF,2022-07-29 01:24:52,-9.8,-139.0333,76.51,78,40,22.86
1,Kaiyuan,CN,2022-07-29 01:24:53,23.6977,103.3037,72.5,83,74,1.74
2,Juba,SS,2022-07-29 01:24:53,4.8517,31.5825,67.66,96,89,1.97
3,Albany,US,2022-07-29 01:22:08,42.6001,-73.9662,76.41,80,3,6.26
4,Tessalit,ML,2022-07-29 01:24:53,20.1986,1.0114,89.56,34,100,10.29
5,Rikitea,PF,2022-07-29 01:22:42,-23.1203,-134.9692,73.44,75,8,20.76
6,Bukan,IR,2022-07-29 01:24:54,36.521,46.2089,73.81,53,0,3.6
7,Kodiak,US,2022-07-29 01:24:54,57.79,-152.4072,65.71,39,0,4.61
8,Nouadhibou,MR,2022-07-29 01:24:54,20.931,-17.0347,73.38,78,4,24.16
9,Dharchula,IN,2022-07-29 01:24:55,29.85,80.5333,72.34,93,100,0.22
10,Vao,NC,2022-07-29 01:24:55,-22.6667,167.4833,69.73,64,33,12.1
11,Wilmington,US,2022-07-29 01:24:55,34.2257,-77.9447,83.91,80,72,5.01
12,Howard Springs,AU,2022-07-29 01:24:56,-12.497,131.047,80.98,51,43,11.18
13,Hovd,MN,2022-07-29 01:24:56,48.0056,91.6419,66.51,34,17,2.04
14,Les Cayes,HT,2022-07-29 01:24:56,18.2,-73.75,77.4,81,51,4.61
15,Porto Belo,BR,2022-07-29 01:24:57,-27.1578,-48.5531,69.75,77,100,6.04
16,Santa Rosa,PH,2022-07-29 01:22:26,14.3122,121.1114,84.09,82,100,8.3
17,Saint-Philippe,RE,2022-07-29 01:24:57,-21.3585,55.7679,65.21,82,37,7.54
18,Hofn,IS,2022-07-29 01:24:57,64.2539,-15.2082,52.23,86,100,3.56
19,Ribeira Grande,PT,2022-07-29 01:24:58,38.5167,-28.7,73.08,79,13,4.14
20,Butaritari,KI,2022-07-29 01:24:58,3.0707,172.7902,82.06,72,89,15.68
21,Port Elizabeth,ZA,2022-07-29 01:24:58,-33.918,25.5701,60.31,70,0,4.61
22,Abu Samrah,SY,2022-07-29 01:24:59,35.3029,37.1841,79.14,31,0,6.4
23,Pundaguitan,PH,2022-07-29 01:24:59,6.3711,126.1689,83.19,75,74,7.2
24,Busselton,AU,2022-07-29 01:24:59,-33.65,115.3333,59.74,61,91,17.78
25,Chokurdakh,RU,2022-07-29 01:20:00,70.6333,147.9167,58.82,33,100,14.34
26,Saint George,US,2022-07-29 01:25:00,37.1041,-113.5841,90.19,37,75,24.16
27,Khatanga,RU,2022-07-29 01:25:00,71.9667,102.5,68.63,50,90,3.18
28,Dingle,PH,2022-07-29 01:25:00,10.9995,122.6711,84.07,78,100,9.46
29,Novyy Urengoy,RU,2022-07-29 01:25:01,66.0833,76.6333,62.98,69,71,5.3
30,Tuktoyaktuk,CA,2022-07-29 01:25:01,69.4541,-133.0374,44.6,87,100,14.97
31,Loralai,PK,2022-07-29 01:25:01,30.3705,68.598,74.75,79,100,1.14
32,New Norfolk,AU,2022-07-29 01:25:01,-42.7826,147.0587,47.7,50,31,7.7
33,Cape Town,ZA,2022-07-29 01:25:02,-33.9258,18.4232,57.61,85,75,21.85
34,Etne,NO,2022-07-29 01:22:20,59.6648,5.9326,55.74,83,20,2.64
35,Puerto Ayora,EC,2022-07-29 01:25:02,-0.7393,-90.3518,69.55,96,65,1.99
36,San Onofre,CO,2022-07-29 01:25:03,9.7359,-75.5263,76.08,86,93,1.74
37,Ostrovnoy,RU,2022-07-29 01:25:03,68.0531,39.5131,50.38,87,100,12.68
38,Upernavik,GL,2022-07-29 01:25:03,72.7868,-56.1549,42.22,73,95,7.61
39,Cabo San Lucas,MX,2022-07-29 01:24:23,22.8909,-109.9124,90.7,53,40,11.5
40,Lilongwe,MW,2022-07-29 01:25:04,-13.9669,33.7873,55.45,56,91,5.23
41,Kapaa,US,2022-07-29 01:22:43,22.0752,-159.319,84.18,78,75,8.05
42,Paungde,MM,2022-07-29 01:25:04,18.4833,95.5,82.96,75,31,4.25
43,Arraial Do Cabo,BR,2022-07-29 01:25:05,-22.9661,-42.0278,71.24,84,13,25.5
44,Kirkland Lake,CA,2022-07-29 01:25:05,48.1446,-80.0377,59.29,88,100,6.4
45,Hambantota,LK,2022-07-29 01:25:05,6.1241,81.1185,77.34,100,75,3.44
46,Saldanha,ZA,2022-07-29 01:25:06,-33.0117,17.9442,57.25,79,100,17.67
47,Avarua,CK,2022-07-29 01:26:06,-21.2078,-159.775,78.85,73,40,23.02
48,Ponta Do Sol,PT,2022-07-29 01:26:06,32.6667,-17.1,72.23,80,0,2.82
49,Clyde River,CA,2022-07-29 01:26:07,70.4692,-68.5914,37.63,100,100,9.22
50,Carnarvon,AU,2022-07-29 01:26:07,-24.8667,113.6333,70.95,59,100,4.12
51,Norman Wells,CA,2022-07-29 01:26:07,65.282,-126.8329,68.04,40,75,6.91
52,Portobelo,PA,2022-07-29 01:22:58,9.55,-79.65,77.11,86,100,3.58
53,Nikolskoye,RU,2022-07-29 01:26:08,59.7035,30.7861,55.29,97,16,4.21
54,Nhulunbuy,AU,2022-07-29 01:26:08,-12.2333,136.7667,81.21,61,40,20.71
55,Jamestown,US,2022-07-29 01:26:08,42.097,-79.2353,76.59,54,0,8.05
56,Bredasdorp,ZA,2022-07-29 01:21:21,-34.5322,20.0403,54.75,69,0,13.51
57,Thompson,CA,2022-07-29 01:26:09,55.7435,-97.8558,73.56,43,40,5.75
58,Coihaique,CL,2022-07-29 01:26:03,-45.5752,-72.0662,44.55,70,100,8.05
59,Porto Novo,BJ,2022-07-29 01:26:09,6.4965,2.6036,76.82,80,97,6.6
60,Pevek,RU,2022-07-29 01:26:10,69.7008,170.3133,40.66,76,99,5.95
61,Punta Arenas,CL,2022-07-29 01:26:10,-53.15,-70.9167,41.11,81,40,24.16
62,Chernyshevskiy,RU,2022-07-29 01:26:10,63.0128,112.4714,75.34,61,0,8.39
63,Bluff,NZ,2022-07-29 01:26:11,-46.6,168.3333,47.8,82,100,16.67
64,Qaanaaq,GL,2022-07-29 01:26:11,77.484,-69.3632,39.78,71,24,2.06
65,Cayenne,GF,2022-07-29 01:26:11,4.9333,-52.3333,75.24,1,75,2.3
66,Port Alfred,ZA,2022-07-29 01:26:11,-33.5906,26.891,68.18,57,0,3.0
67,Hermanus,ZA,2022-07-29 01:26:12,-34.4187,19.2345,60.8,78,100,20.24
68,Qaqortoq,GL,2022-07-29 01:26:12,60.7167,-46.0333,44.19,82,25,4.38
69,Biharamulo,TZ,2022-07-29 01:26:12,-2.6319,31.3089,66.47,56,99,3.11
70,Dikson,RU,2022-07-29 01:26:13,73.5069,80.5464,43.9,100,100,17.34
71,Irbit,RU,2022-07-29 01:26:13,57.6705,63.071,53.94,86,17,6.73
72,Gilgit,PK,2022-07-29 01:26:13,35.9221,74.3087,79.27,70,36,3.0
73,Sundargarh,IN,2022-07-29 01:26:14,22.1167,84.0333,81.61,77,85,2.37
74,Chalmette,US,2022-07-29 01:26:14,29.9427,-89.9634,84.25,77,0,4.61
75,Bilma,NE,2022-07-29 01:26:14,18.6853,12.9164,84.43,48,100,15.21
76,Souillac,MU,2022-07-29 01:26:15,-20.5167,57.5167,68.38,83,40,11.5
77,Nanortalik,GL,2022-07-29 01:26:15,60.1432,-45.2371,43.25,90,60,2.68
78,Hithadhoo,MV,2022-07-29 01:26:15,-0.6,73.0833,81.7,74,100,13.38
79,Torbay,CA,2022-07-29 01:26:16,47.6666,-52.7314,56.28,93,100,11.5
80,Acapulco,MX,2022-07-29 01:23:56,16.8634,-99.8901,84.02,70,40,0.0
81,Port Blair,IN,2022-07-29 01:26:16,11.6667,92.75,82.42,78,39,3.53
82,Belaya Gora,RU,2022-07-29 01:26:16,68.5333,146.4167,62.02,35,96,13.71
83,Emba,KZ,2022-07-29 01:26:17,48.8264,58.1442,69.96,55,16,4.85
84,Port Lincoln,AU,2022-07-29 01:26:17,-34.7333,135.8667,55.6,78,100,15.21
85,Gurupi,BR,2022-07-29 01:26:17,-11.7292,-49.0686,72.43,35,6,4.54
86,Verkhnevilyuysk,RU,2022-07-29 01:26:18,63.4453,120.3167,80.85,48,0,8.61
87,Broken Hill,AU,2022-07-29 01:26:18,-31.95,141.4333,52.86,42,100,8.7
88,Faanui,PF,2022-07-29 01:26:18,-16.4833,-151.75,79.0,74,7,22.39
89,Chuy,UY,2022-07-29 01:26:19,-33.6971,-53.4616,48.56,79,100,13.02
90,Constitucion,CL,2022-07-29 01:26:19,-35.3333,-72.4167,49.77,77,0,8.59
91,Mataura,NZ,2022-07-29 01:27:19,-46.1927,168.8643,47.48,83,100,4.27
92,Puerto Del Rosario,ES,2022-07-29 01:27:20,28.5004,-13.8627,74.95,73,100,20.71
93,Vaini,TO,2022-07-29 01:27:20,-21.2,-175.2,80.76,89,40,10.36
94,Poya,NC,2022-07-29 01:26:37,-21.35,165.15,75.18,61,2,4.97
95,Finspang,SE,2022-07-29 01:27:20,58.7058,15.7674,48.72,66,99,3.29
96,Aquin,HT,2022-07-29 01:27:21,18.2833,-73.4,78.08,80,55,3.22
97,Peniche,PT,2022-07-29 01:27:21,39.3558,-9.3811,67.28,87,0,17.11
98,Pangnirtung,CA,2022-07-29 01:27:21,66.1451,-65.7125,51.62,71,54,2.51
99,Baruun-Urt,MN,2022-07-29 01:27:22,46.6806,113.2792,69.42,52,44,5.48
100,Asau,RO,2022-07-29 01:27:22,46.4333,26.4,70.95,95,96,1.99
101,Porto Santo,PT,2022-07-29 01:27:22,33.072,-16.3415,70.18,88,40,14.97
102,Enid,US,2022-07-29 01:26:05,36.3956,-97.8784,87.96,57,75,17.27
103,East London,ZA,2022-07-29 01:27:23,-33.0153,27.9116,67.35,59,0,11.14
104,Fortuna,US,2022-07-29 01:27:23,40.5982,-124.1573,68.94,82,75,11.5
105,Ushuaia,AR,2022-07-29 01:22:46,-54.8,-68.3,38.86,81,40,9.22
106,Komsomolskiy,UZ,2022-07-29 01:27:23,40.4272,71.7189,84.92,20,100,13.8
107,The Valley,AI,2022-07-29 01:27:24,18.217,-63.0578,82.81,75,0,20.07
108,Uige,AO,2022-07-29 01:27:24,-7.6087,15.0613,59.38,89,13,2.04
109,Saint Cloud,US,2022-07-29 01:27:24,45.5608,-94.1625,71.24,63,0,13.8
110,Washington,US,2022-07-29 01:27:14,47.5001,-120.5015,106.2,13,0,10.54
111,Castro,BR,2022-07-29 01:27:25,-24.7911,-50.0119,59.76,70,99,5.19
112,Cidreira,BR,2022-07-29 01:27:25,-30.1811,-50.2056,55.18,90,100,19.89
113,Buchanan,LR,2022-07-29 01:27:25,5.8808,-10.0467,73.89,75,52,8.84
114,Tammisaari,FI,2022-07-29 01:27:26,59.9736,23.4339,54.9,92,100,10.2
115,Deniliquin,AU,2022-07-29 01:27:26,-35.5333,144.9667,52.23,53,0,9.55
116,Barrow,US,2022-07-29 01:27:26,71.2906,-156.7887,33.82,100,100,14.97
117,Puerto Escondido,MX,2022-07-29 01:27:26,15.85,-97.0667,83.23,61,100,3.44
118,Yar-Sale,RU,2022-07-29 01:27:27,66.8333,70.8333,64.11,65,100,6.69
119,Barabinsk,RU,2022-07-29 01:27:27,55.3571,78.357,63.37,93,94,10.31
120,Narsaq,GL,2022-07-29 01:27:27,60.9167,-46.05,50.22,73,14,1.48
121,Carsamba,TR,2022-07-29 01:27:28,41.1989,36.7219,68.79,94,20,3.44
122,Maine-Soroa,NE,2022-07-29 01:27:28,13.2114,12.0241,78.84,65,48,8.9
123,Port Hedland,AU,2022-07-29 01:27:28,-20.3167,118.5667,73.45,20,0,14.97
124,Ambilobe,MG,2022-07-29 01:27:29,-13.2,49.05,63.28,87,22,3.0
125,Nabire,ID,2022-07-29 01:27:29,-3.3667,135.4833,80.65,86,93,2.89
126,Lebu,CL,2022-07-29 01:27:29,-37.6167,-73.65,48.22,87,6,16.75
127,Belle Fourche,US,2022-07-29 01:27:30,44.6714,-103.8522,80.33,19,0,9.13
128,Lufilufi,WS,2022-07-29 01:27:30,-13.8745,-171.5986,89.38,79,25,17.49
129,West Wendover,US,2022-07-29 01:27:30,40.7391,-114.0733,92.41,15,0,10.36
130,Grand Gaube,MU,2022-07-29 01:27:31,-20.0064,57.6608,68.4,76,0,3.0
131,Kahului,US,2022-07-29 01:27:31,20.8947,-156.47,87.82,45,40,19.57
132,Gari,RU,2022-07-29 01:27:31,59.4307,62.3497,55.27,77,10,4.32
133,Aitape,PG,2022-07-29 01:27:31,-3.1374,142.3475,82.04,81,93,6.58
134,Provideniya,RU,2022-07-29 01:27:32,64.3833,-173.3,48.36,100,40,11.18
135,Rovnoye,RU,2022-07-29 01:28:32,50.7765,46.0509,69.15,76,0,5.26
136,Lao Cai,VN,2022-07-29 01:28:32,22.4833,103.95,80.01,94,100,1.01
137,Road Town,VG,2022-07-29 01:28:33,18.4167,-64.6167,80.69,78,20,9.22
138,Martapura,ID,2022-07-29 01:28:33,-3.4167,114.85,82.49,78,0,2.3
139,Baykit,RU,2022-07-29 01:28:33,61.67,96.37,68.68,88,99,5.97
140,Vestmanna,FO,2022-07-29 01:28:34,62.1564,-7.1664,50.92,87,40,14.97
141,Zhigansk,RU,2022-07-29 01:28:34,66.7697,123.3711,75.63,53,100,5.59
142,Idenao,CM,2022-07-29 01:28:34,4.2475,9.0047,73.56,95,100,2.1
143,Longyearbyen,SJ,2022-07-29 01:28:35,78.2186,15.6401,42.64,81,75,11.5
144,Bilibino,RU,2022-07-29 01:28:35,68.0546,166.4372,57.81,42,76,11.59
145,Tsumeb,NA,2022-07-29 01:28:35,-19.2333,17.7167,61.14,28,6,5.57
146,Celestun,MX,2022-07-29 01:28:35,20.8667,-90.4,83.07,66,64,18.75
147,Mountain Home,US,2022-07-29 01:28:36,43.133,-115.6912,99.88,14,0,14.97
148,Hamilton,US,2022-07-29 01:26:47,39.1834,-84.5333,81.84,73,40,5.75
149,Khash,IR,2022-07-29 01:28:36,28.2211,61.2158,77.68,58,100,3.83
150,Jefferson City,US,2022-07-29 01:24:37,38.5767,-92.1735,79.9,78,75,3.44
151,Great Bend,US,2022-07-29 01:28:37,38.3645,-98.7648,80.73,70,0,8.05
152,Hilo,US,2022-07-29 01:23:43,19.7297,-155.09,83.28,70,20,8.05
153,Mar Del Plata,AR,2022-07-29 01:27:15,-38.0023,-57.5575,48.22,94,100,13.8
154,Haverhill,US,2022-07-29 01:28:37,42.7762,-71.0773,80.69,82,79,4.0
155,Itarema,BR,2022-07-29 01:28:37,-2.9248,-39.9167,78.73,79,100,12.21
156,Aracuai,BR,2022-07-29 01:28:38,-16.8497,-42.0703,66.51,52,1,2.91
157,Vardo,NO,2022-07-29 01:28:38,70.3705,31.1107,48.18,87,100,9.22
158,Xichang,CN,2022-07-29 01:28:38,27.8964,102.2634,69.62,86,28,1.5
159,Port-Gentil,GA,2022-07-29 01:28:39,-0.7193,8.7815,73.47,79,100,10.98
160,Inhambane,MZ,2022-07-29 01:28:39,-23.865,35.3833,61.09,80,0,5.03
161,Vostok,RU,2022-07-29 01:28:39,46.4856,135.8833,82.17,60,100,1.23
162,Bathsheba,BB,2022-07-29 01:28:40,13.2167,-59.5167,81.21,85,20,16.11
163,Sao Filipe,CV,2022-07-29 01:28:40,14.8961,-24.4956,79.34,74,0,14.81
164,Mugur-Aksy,RU,2022-07-29 01:28:40,50.35,90.5,57.43,52,42,0.96
165,Iqaluit,CA,2022-07-29 01:28:41,63.7506,-68.5145,49.73,71,75,2.3
166,San Quintin,MX,2022-07-29 01:28:41,30.4833,-115.95,70.93,74,12,10.83
167,Avera,US,2022-07-29 01:28:41,33.194,-82.5271,83.71,58,100,5.82
168,Axim,GH,2022-07-29 01:28:41,4.8699,-2.2405,75.4,75,100,11.41
169,Jiwani,PK,2022-07-29 01:28:42,25.05,61.7417,80.62,79,100,7.81
170,Ponta Delgada,PT,2022-07-29 01:28:26,37.7333,-25.6667,72.32,78,75,4.61
171,Humaita,BR,2022-07-29 01:28:42,-7.5061,-63.0208,76.53,42,3,1.57
172,Lensk,RU,2022-07-29 01:28:42,60.7253,114.9278,68.86,91,100,4.25
173,Paramonga,PE,2022-07-29 01:24:04,-10.6667,-77.8333,61.36,83,57,10.71
174,Magistralnyy,RU,2022-07-29 01:28:43,56.1725,107.4458,55.8,95,100,5.06
175,Makakilo City,US,2022-07-29 01:28:43,21.3469,-158.0858,82.72,63,100,16.11
176,Thinadhoo,MV,2022-07-29 01:28:43,0.5333,72.9333,82.04,74,63,12.1
177,Iberia,US,2022-07-29 01:28:44,29.9502,-91.7507,82.98,78,0,0.0
178,Batemans Bay,AU,2022-07-29 01:28:44,-35.7167,150.1833,54.1,46,0,8.25
179,Pyay,MM,2022-07-29 01:28:44,18.8167,95.2167,83.97,73,12,2.71
180,Naze,JP,2022-07-29 01:28:45,28.3667,129.4833,85.12,84,98,14.67
181,Moerai,PF,2022-07-29 01:28:45,-22.4333,-151.3333,73.13,83,95,25.5
182,Pombia,IT,2022-07-29 01:28:45,45.653,8.6336,70.25,68,40,5.75
183,Leningradskiy,RU,2022-07-29 01:29:46,69.3833,178.4167,43.63,72,65,9.55
184,Bethel,US,2022-07-29 01:29:46,41.3712,-73.414,79.86,92,100,4.68
185,Poum,NC,2022-07-29 01:29:46,-20.2333,164.0167,72.05,73,100,7.56
186,Charlestown,AU,2022-07-29 01:29:46,-32.95,151.6667,61.5,50,57,8.99
187,Denia,ES,2022-07-29 01:29:47,38.8408,0.1057,81.75,81,1,5.01
188,Lagoa,PT,2022-07-29 01:29:12,39.05,-27.9833,71.74,78,0,2.86
189,Svetlyy,RU,2022-07-29 01:29:47,54.675,20.1347,50.05,85,16,3.02
190,Fougamou,GA,2022-07-29 01:29:48,-1.2154,10.5838,67.98,94,80,1.43
191,Hualmay,PE,2022-07-29 01:29:48,-11.0964,-77.6139,61.18,81,37,10.51
192,Severo-Kurilsk,RU,2022-07-29 01:29:48,50.6789,156.125,55.65,88,100,9.53
193,Ambon,ID,2022-07-29 01:29:48,-3.6954,128.1814,78.94,89,40,9.22
194,Copala,MX,2022-07-29 01:29:49,16.65,-98.9833,79.43,82,14,2.86
195,Pershotravneve,UA,2022-07-29 01:29:49,51.3929,28.8684,55.67,77,7,3.65
196,Sioux Lookout,CA,2022-07-29 01:24:53,50.1001,-91.917,62.67,67,75,10.36
197,Tobermory,CA,2022-07-29 01:29:49,45.2501,-81.6665,63.61,77,0,17.0
198,Kaitangata,NZ,2022-07-29 01:29:50,-46.2817,169.8464,47.5,74,100,8.79
199,Katsuura,JP,2022-07-29 01:29:50,35.1333,140.3,84.11,77,30,10.65
200,Lumphat,KH,2022-07-29 01:29:50,13.4878,106.9816,79.16,90,38,1.23
201,Bridgetown,BB,2022-07-29 01:28:26,13.1,-59.6167,81.09,74,20,16.11
202,Ilulissat,GL,2022-07-29 01:29:51,69.2167,-51.1,51.82,43,40,11.5
203,Beloha,MG,2022-07-29 01:29:51,-25.1667,45.05,63.01,80,0,11.07
204,Newport,GB,2022-07-29 01:29:12,51.5877,-2.9984,62.64,79,26,2.1
205,Sobolevo,RU,2022-07-29 01:29:51,54.4299,31.8996,53.55,86,11,4.52
206,Valls,ES,2022-07-29 01:29:52,41.2861,1.2499,79.39,78,40,6.91
207,Tumaco,CO,2022-07-29 01:29:52,1.7986,-78.8156,76.73,85,100,4.81
208,Loreto,MX,2022-07-29 01:29:52,22.2667,-101.9667,69.89,50,89,11.25
209,Benalla,AU,2022-07-29 01:29:53,-36.55,145.9833,47.3,59,6,4.45
210,Kamiiso,JP,2022-07-29 01:29:53,41.8167,140.65,75.58,88,75,6.91
211,Florianopolis,BR,2022-07-29 01:29:53,-27.6146,-48.5012,70.41,76,0,11.5
212,Rosetown,CA,2022-07-29 01:29:54,51.5501,-108.0014,81.66,32,0,5.75
213,Yellowknife,CA,2022-07-29 01:29:40,62.456,-114.3525,68.52,40,75,9.22
214,Manokwari,ID,2022-07-29 01:29:54,-0.8667,134.0833,83.35,68,100,5.84
215,Saint Stephen,GB,2022-07-29 01:29:54,50.3333,-4.9,61.07,77,82,4.61
216,Igurubi,TZ,2022-07-29 01:29:55,-4.0,33.7,69.73,52,100,7.31
217,Sarakhs,IR,2022-07-29 01:29:55,36.5449,61.1577,82.04,22,2,7.38
218,Petropavlovsk-Kamchatskiy,RU,2022-07-29 01:29:55,53.0452,158.6483,70.39,53,20,6.71
219,Marinette,US,2022-07-29 01:29:55,45.1,-87.6307,72.05,56,0,5.75
220,Gambela,ET,2022-07-29 01:29:56,8.25,34.5833,72.39,75,100,0.96
221,Itaberai,BR,2022-07-29 01:29:56,-16.0203,-49.8103,68.38,34,2,1.86
222,Brae,GB,2022-07-29 01:29:56,60.3964,-1.353,53.17,84,100,8.43
223,Tura,IN,2022-07-29 01:29:57,25.5198,90.2201,77.36,91,66,1.92
224,Hobart,AU,2022-07-29 01:27:01,-42.8794,147.3294,48.06,64,20,14.97
225,Cosio,MX,2022-07-29 01:29:57,22.35,-102.3,70.93,45,88,8.03
226,Mahebourg,MU,2022-07-29 01:29:57,-20.4081,57.7,68.29,83,40,11.5
227,Bucerias,MX,2022-07-29 01:29:58,20.75,-105.3333,85.98,66,75,8.05
228,Yemtsa,RU,2022-07-29 01:29:58,63.0734,40.3329,62.04,99,100,6.87
229,Luneville,FR,2022-07-29 01:29:58,48.6,6.5,67.89,56,86,3.36
230,Chinsali,ZM,2022-07-29 01:29:59,-10.5414,32.0816,53.47,75,17,4.29
231,Diego De Almagro,CL,2022-07-29 01:29:59,-26.3667,-70.05,56.91,55,64,1.41
232,Alofi,NU,2022-07-29 01:30:59,-19.0595,-169.9187,78.69,73,75,17.27
233,Tacoronte,ES,2022-07-29 01:31:00,28.4769,-16.4102,69.13,90,100,18.99
234,Swakopmund,NA,2022-07-29 01:31:00,-22.6833,14.5333,47.98,86,2,5.59
235,Upington,ZA,2022-07-29 01:30:33,-28.4478,21.2561,48.58,53,0,4.61
236,Cherskiy,RU,2022-07-29 01:31:00,68.75,161.3,62.92,34,58,4.32
237,Ukiah,US,2022-07-29 01:26:03,39.1502,-123.2078,101.44,34,0,9.22
238,Sawtell,AU,2022-07-29 01:31:01,-30.3833,153.1,65.19,45,4,10.36
239,Bengkulu,ID,2022-07-29 01:31:01,-3.8004,102.2655,81.79,72,69,2.91
240,Shakiso,ET,2022-07-29 01:31:02,5.75,38.9167,55.72,90,90,0.72
241,Olinda,BR,2022-07-29 01:31:02,-8.0089,-34.8553,74.93,88,40,5.75
242,Vaitape,PF,2022-07-29 01:31:02,-16.5167,-151.75,79.21,73,5,20.83
243,Tuatapere,NZ,2022-07-29 01:31:03,-46.1333,167.6833,46.31,84,98,9.48
244,Znamenka,RU,2022-07-29 01:31:03,52.4167,41.4311,65.1,92,100,6.82
245,Yershov,RU,2022-07-29 01:31:03,51.3513,48.2766,66.99,85,0,6.85
246,Yakeshi,CN,2022-07-29 01:31:04,49.2833,120.7333,75.33,57,28,6.67
247,Talnakh,RU,2022-07-29 01:31:04,69.4865,88.3972,58.21,52,0,11.1
248,Namibe,AO,2022-07-29 01:31:04,-15.1961,12.1522,59.95,83,57,7.81
249,Diu,IN,2022-07-29 01:31:05,20.7141,70.9822,79.86,83,74,6.4
250,Honningsvag,NO,2022-07-29 01:31:05,70.9821,25.9704,47.95,87,100,8.05
251,Jalu,LY,2022-07-29 01:31:06,29.0331,21.5482,82.2,38,0,11.59
252,Abja-Paluoja,EE,2022-07-29 01:31:06,58.1253,25.3497,47.41,96,33,5.01
253,Totma,RU,2022-07-29 01:29:34,59.9747,42.7642,59.59,99,29,4.52
254,Mount Isa,AU,2022-07-29 01:31:06,-20.7333,139.5,67.77,22,0,14.97
255,Lewistown,US,2022-07-29 01:31:07,40.5992,-77.5714,76.64,100,0,4.61
256,Marseille,FR,2022-07-29 01:31:07,43.3333,5.5,72.84,50,2,2.64
257,Mufumbwe,ZM,2022-07-29 01:31:07,-13.6833,24.8,48.99,59,59,5.35
258,Portsmouth,GB,2022-07-29 01:28:49,50.799,-1.0913,64.96,87,97,1.01
259,Mimoso Do Sul,BR,2022-07-29 01:31:08,-21.0642,-41.3664,66.63,68,1,4.79
260,Yumen,CN,2022-07-29 01:29:23,40.2833,97.2,82.27,10,5,2.08
261,Springdale,US,2022-07-29 01:28:24,36.1867,-94.1288,86.68,66,0,4.61
262,Vila,PT,2022-07-29 01:31:08,42.0304,-8.1588,56.7,83,0,4.21
263,Boda,CF,2022-07-29 01:31:09,4.3189,17.4695,67.57,99,100,4.27
264,Bonthe,SL,2022-07-29 01:31:09,7.5264,-12.505,74.88,76,25,8.77
265,Harper,LR,2022-07-29 01:31:09,4.375,-7.7169,74.34,74,73,8.63
266,Kloulklubed,PW,2022-07-29 01:31:09,7.0419,134.2556,84.7,74,100,10.54
267,Kamakwie,SL,2022-07-29 01:31:10,9.5,-12.2333,71.08,98,100,5.88
268,Gushikawa,JP,2022-07-29 01:31:10,26.3544,127.8686,88.83,73,20,10.36
269,Ingleside,US,2022-07-29 01:31:10,27.8778,-97.2117,87.8,81,40,13.8
270,Newburgh,US,2022-07-29 01:30:42,41.5034,-74.0104,81.37,84,75,4.61
271,Broome,US,2022-07-29 01:31:11,42.2506,-75.833,71.98,92,0,5.75
272,Nanakuli,US,2022-07-29 01:31:11,21.3906,-158.1547,84.15,61,100,8.05
273,Hami,CN,2022-07-29 01:31:11,42.8,93.45,92.3,13,100,15.03
274,Cravo Norte,CO,2022-07-29 01:31:12,6.3017,-70.2041,71.08,96,60,4.68
275,Bambous Virieux,MU,2022-07-29 01:29:45,-20.3428,57.7575,68.25,83,40,11.5
276,Talas,TR,2022-07-29 01:32:12,38.6908,35.5538,56.07,62,0,5.75
277,Mitsamiouli,KM,2022-07-29 01:32:13,-11.3847,43.2844,75.76,70,48,6.87
278,Kavaratti,IN,2022-07-29 01:32:13,10.5669,72.642,80.71,82,90,13.89
279,Leninskoye,KZ,2022-07-29 01:32:13,41.7589,69.3864,81.1,27,0,5.57
280,Pacific Grove,US,2022-07-29 01:32:13,36.6177,-121.9166,73.22,86,75,10.36
281,Nola,IT,2022-07-29 01:32:14,40.922,14.5329,79.21,83,0,1.39
282,Laguna,US,2022-07-29 01:32:14,38.421,-121.4238,100.45,41,0,11.5
283,Kavieng,PG,2022-07-29 01:32:14,-2.5744,150.7967,84.76,70,51,16.64
284,Dingzhou,CN,2022-07-29 01:32:15,38.5131,114.9956,80.71,68,39,4.74
285,Mogadishu,SO,2022-07-29 01:32:15,2.0371,45.3438,75.79,84,78,15.57
286,Luanda,AO,2022-07-29 01:32:15,-8.8368,13.2343,67.24,92,50,6.04
287,Alice Springs,AU,2022-07-29 01:32:16,-23.7,133.8833,60.35,27,18,12.66
288,Oksfjord,NO,2022-07-29 01:32:16,70.2396,22.3479,50.07,81,95,4.52
289,Bonavista,CA,2022-07-29 01:32:16,48.6499,-53.1147,54.3,83,96,13.87
290,Nelson Bay,AU,2022-07-29 01:32:17,-32.7167,152.15,61.09,52,18,13.0
291,Camacha,PT,2022-07-29 01:32:17,33.0833,-16.3333,67.42,88,40,14.97
292,Carutapera,BR,2022-07-29 01:32:17,-1.195,-46.02,75.87,91,4,6.29
293,Lompoc,US,2022-07-29 01:32:18,34.6391,-120.4579,65.84,79,20,14.97
294,Sao Miguel Do Araguaia,BR,2022-07-29 01:32:18,-13.275,-50.1628,73.62,32,1,1.83
295,Usak,TR,2022-07-29 01:32:18,38.5,29.4167,69.12,36,0,5.06
296,Kachiry,KZ,2022-07-29 01:32:19,53.0675,76.1036,71.04,60,100,12.08
297,Xinyu,CN,2022-07-29 01:32:19,27.8043,114.9334,88.7,65,37,3.91
298,Richards Bay,ZA,2022-07-29 01:32:19,-28.783,32.0377,63.9,87,1,14.76
299,Portland,US,2022-07-29 01:30:48,45.5234,-122.6762,98.91,46,20,8.05
300,Jining,CN,2022-07-29 01:32:20,35.405,116.5814,83.14,70,2,2.93
301,Sitka,US,2022-07-29 01:32:20,57.0531,-135.33,58.89,94,100,9.22
302,Georgetown,MY,2022-07-29 01:32:20,5.4112,100.3354,84.13,85,20,2.3
303,Black Diamond,US,2022-07-29 01:30:57,47.3087,-122.0032,93.2,46,5,3.0
304,Kottagudem,IN,2022-07-29 01:32:21,17.55,80.6333,81.21,79,70,2.19
305,Pochutla,MX,2022-07-29 01:32:21,15.7432,-96.4661,80.82,89,71,1.03
306,Nemuro,JP,2022-07-29 01:32:21,43.3236,145.575,62.15,88,99,3.4
307,Veseloyarsk,RU,2022-07-29 01:32:22,51.2836,81.1056,74.97,46,11,4.12
308,Touros,BR,2022-07-29 01:32:22,-5.1989,-35.4608,75.76,84,69,11.41
309,Tokuyama,JP,2022-07-29 01:32:22,34.05,131.8167,89.22,66,0,7.67
310,Tautira,PF,2022-07-29 01:32:23,-17.7333,-149.15,77.49,78,18,20.58
311,Madingou,CG,2022-07-29 01:32:23,-4.1536,13.55,68.38,85,85,2.73
312,Comodoro Rivadavia,AR,2022-07-29 01:32:23,-45.8667,-67.5,51.66,46,100,50.64
313,Sao Jose Da Coroa Grande,BR,2022-07-29 01:32:24,-8.8978,-35.1478,73.42,89,36,1.63
314,Mount Gambier,AU,2022-07-29 01:31:35,-37.8333,140.7667,52.95,59,29,2.68
315,Flinders,AU,2022-07-29 01:32:24,-34.5833,150.8552,60.19,46,1,5.99
316,Sibenik,HR,2022-07-29 01:32:24,43.7272,15.9058,73.38,80,0,4.07
317,Samarai,PG,2022-07-29 01:32:25,-10.6167,150.6667,79.36,85,71,13.94
318,Tanete,ID,2022-07-29 01:32:25,-3.9443,119.7848,83.86,68,70,12.75
319,Treinta Y Tres,UY,2022-07-29 01:32:25,-33.2333,-54.3833,49.42,74,76,15.5
320,Mendi,PG,2022-07-29 01:32:26,-6.1761,143.6513,68.9,65,50,4.54
321,Taltal,CL,2022-07-29 01:32:26,-25.4,-70.4833,58.1,79,88,1.34
322,Poitiers,FR,2022-07-29 01:33:26,46.5833,0.3333,69.26,64,0,0.0
323,Centenario Do Sul,BR,2022-07-29 01:33:27,-22.8211,-51.5953,69.57,40,100,3.27
324,Northam,GB,2022-07-29 01:33:27,51.0333,-4.2167,56.39,94,53,3.71
325,Saskylakh,RU,2022-07-29 01:33:27,71.9167,114.0833,61.38,85,100,6.04
326,Labytnangi,RU,2022-07-29 01:33:28,66.6572,66.4183,67.6,56,38,6.4
327,Mareeba,AU,2022-07-29 01:28:37,-17.0,145.4333,72.45,57,0,5.66
328,Taoudenni,ML,2022-07-29 01:33:28,22.6783,-3.9836,103.69,14,81,10.22
329,Tevaitoa,PF,2022-07-29 01:33:28,-16.7833,-151.5,79.21,74,4,21.63
330,Henties Bay,NA,2022-07-29 01:33:29,-22.116,14.2845,52.92,90,2,7.52
331,Padang,ID,2022-07-29 01:33:29,-0.9492,100.3543,73.45,76,86,5.82
332,La Ronge,CA,2022-07-29 01:33:29,55.1001,-105.2842,77.25,44,75,5.75
333,Codrington,AU,2022-07-29 01:30:47,-38.2667,141.9667,53.06,58,27,2.64
334,Japura,ID,2022-07-29 01:33:30,-0.3167,102.35,78.04,87,100,2.68
335,Nome,US,2022-07-29 01:33:30,64.5011,-165.4064,57.16,71,100,8.05
336,Ndungu,TZ,2022-07-29 01:33:30,-4.3667,38.05,65.62,93,65,2.75
337,Najran,SA,2022-07-29 01:33:31,17.4924,44.1277,84.85,41,28,1.81
338,Galesong,ID,2022-07-29 01:33:31,-5.3166,119.3661,82.42,69,74,4.36
339,Dumabato,PH,2022-07-29 01:33:31,16.3167,121.7,85.98,66,100,3.44
340,Payo,ID,2022-07-29 01:33:31,-3.7508,103.6372,82.42,71,100,3.24
341,Banda Aceh,ID,2022-07-29 01:33:32,5.5577,95.3222,76.28,93,100,14.85
342,Victoria,HK,2022-07-29 01:32:45,22.2855,114.1577,91.96,68,99,4.0
343,Tarn Taran,IN,2022-07-29 01:33:32,31.45,74.9253,80.62,95,100,4.29
344,Margate,GB,2022-07-29 01:33:32,51.3813,1.3862,63.7,82,63,1.01
345,Tazovskiy,RU,2022-07-29 01:33:33,67.4667,78.7,56.43,85,51,6.8
346,Mineiros,BR,2022-07-29 01:33:33,-17.5694,-52.5511,65.79,35,58,4.81
347,Erenhot,CN,2022-07-29 01:33:33,43.6475,111.9767,86.43,21,98,16.4
348,Haines Junction,CA,2022-07-29 01:28:36,60.7522,-137.5108,66.15,45,100,4.61
349,Barra Do Garcas,BR,2022-07-29 01:28:43,-15.89,-52.2567,69.12,39,97,1.19
350,Burnie,AU,2022-07-29 01:32:07,-41.0667,145.9167,49.95,57,77,8.63
351,Ranong,TH,2022-07-29 01:33:34,9.9658,98.6348,80.53,80,42,1.19
352,Los Llanos De Aridane,ES,2022-07-29 01:33:34,28.6585,-17.9182,69.55,89,100,21.85
353,Marsaxlokk,MT,2022-07-29 01:33:35,35.8419,14.5431,81.09,94,20,5.75
354,Robertson,US,2022-07-29 01:33:34,36.5167,-86.8667,79.25,92,0,0.0
355,Fairbanks,US,2022-07-29 01:32:47,64.8378,-147.7164,66.2,48,40,8.05
356,Sawakin,SD,2022-07-29 01:33:35,19.1059,37.3321,89.8,50,73,11.21
357,San Patricio,US,2022-07-29 01:33:35,28.017,-97.5169,87.84,70,100,14.14
358,Shu,KZ,2022-07-29 01:33:36,43.5983,73.7614,81.07,31,0,4.29
359,Alim,PH,2022-07-29 01:33:36,9.5649,122.4876,83.75,77,100,10.25
360,Airai,TL,2022-07-29 01:33:36,-8.9266,125.4092,68.52,42,52,4.52
361,Luderitz,NA,2022-07-29 01:33:37,-26.6481,15.1594,52.36,86,68,2.89
362,Saint-Georges,GD,2022-07-29 01:33:37,12.0564,-61.7485,80.28,83,20,11.5
363,Tasiilaq,GL,2022-07-29 01:29:43,65.6145,-37.6368,39.36,95,100,4.0
364,Eyrarbakki,IS,2022-07-29 01:33:37,63.863,-21.1481,46.45,85,100,3.29
365,Oranjemund,NA,2022-07-29 01:33:38,-28.55,16.4333,56.44,71,100,8.93
366,Ambovombe,MG,2022-07-29 01:33:38,-25.1667,46.0833,65.32,79,10,14.23
367,Palmas,BR,2022-07-29 01:33:38,-10.2128,-48.3603,71.47,64,0,6.91
368,North Bend,US,2022-07-29 01:31:01,43.4065,-124.2243,72.91,84,20,18.41
369,Batagay-Alyta,RU,2022-07-29 01:34:39,67.8006,130.4114,82.65,38,11,5.46
370,Kindu,CD,2022-07-29 01:34:39,-2.95,25.95,68.67,95,65,1.23
371,Saint-Pierre,RE,2022-07-29 01:34:39,-21.3393,55.4781,65.28,73,0,5.75
372,Evensk,RU,2022-07-29 01:34:40,61.95,159.2333,57.49,53,100,2.37
373,Hauterive,FR,2022-07-29 01:34:40,46.0901,3.4459,65.16,67,100,2.86
374,Sao Domingos Do Maranhao,BR,2022-07-29 01:34:40,-5.5758,-44.3853,75.06,53,1,1.23
375,Cockburn Town,TC,2022-07-29 01:33:38,21.4612,-71.1419,81.54,75,70,21.65
376,Kimbe,PG,2022-07-29 01:34:41,-5.5502,150.1429,90.77,52,42,6.26
377,Isangel,VU,2022-07-29 01:34:41,-19.55,169.2667,76.78,82,100,12.55
378,Hervey Bay,AU,2022-07-29 01:34:41,-25.2986,152.8535,65.01,70,50,8.99
379,Adrar,MR,2022-07-29 01:34:42,20.5022,-10.0711,91.0,34,70,21.39
380,Yerbogachen,RU,2022-07-29 01:34:42,61.2767,108.0108,74.66,62,92,2.75
381,Manado,ID,2022-07-29 01:34:42,1.487,124.8455,86.77,66,20,4.61
382,Ust-Omchug,RU,2022-07-29 01:34:42,61.15,149.6333,59.94,57,98,6.26
383,Adet,ET,2022-07-29 01:34:43,11.2644,37.4888,55.22,94,100,3.69
384,Port Hardy,CA,2022-07-29 01:34:43,50.6996,-127.4199,75.38,57,0,8.05
385,Pinawa,CA,2022-07-29 01:34:43,50.1489,-95.8811,57.29,95,32,3.51
386,Kondinskoye,RU,2022-07-29 01:34:44,59.6481,67.41,61.83,67,97,8.81
387,Lewiston,US,2022-07-29 01:34:44,44.1003,-70.2148,72.05,96,75,6.91
388,Khandyga,RU,2022-07-29 01:34:44,62.6667,135.6,84.49,39,10,3.24
389,Opuwo,NA,2022-07-29 01:34:45,-18.0607,13.84,55.63,43,15,1.52
390,Kropotkin,RU,2022-07-29 01:34:45,45.4375,40.5756,68.74,55,0,2.39
391,Iracoubo,GF,2022-07-29 01:34:45,5.4802,-53.2011,76.78,88,90,6.13
392,Bud,US,2022-07-29 01:34:45,39.447,-86.1758,80.58,85,100,6.02
393,Ossora,RU,2022-07-29 01:34:46,59.2353,163.0719,55.22,69,37,8.14
394,Omboue,GA,2022-07-29 01:34:46,-1.5746,9.2618,70.34,86,37,6.15
395,Kem,RU,2022-07-29 01:34:46,64.9555,34.5793,53.53,95,100,10.04
396,Tual,ID,2022-07-29 01:34:47,-5.6667,132.75,78.37,86,74,22.01
397,Tomatlan,MX,2022-07-29 01:34:47,19.9333,-105.25,76.59,87,100,0.65
398,Tahta,EG,2022-07-29 01:34:47,26.7693,31.5021,84.52,18,59,6.22
399,Rocha,UY,2022-07-29 01:34:48,-34.4833,-54.3333,49.15,81,100,20.56
400,Turkmenabat,TM,2022-07-29 01:34:48,39.0733,63.5786,73.38,46,0,9.22
401,Paamiut,GL,2022-07-29 01:34:48,61.994,-49.6678,41.95,89,100,9.13
402,Salalah,OM,2022-07-29 01:34:49,17.0151,54.0924,75.29,94,75,5.75
403,Yarmouth,US,2022-07-29 01:34:49,41.7057,-70.2286,79.27,88,100,13.8
404,Viline,UA,2022-07-29 01:34:49,44.8456,33.6716,69.08,61,0,4.45
405,Gobabis,NA,2022-07-29 01:33:18,-22.45,18.9667,56.34,34,88,8.28
406,Kieta,PG,2022-07-29 01:34:50,-6.2167,155.6333,83.37,71,91,4.25
407,Obsharovka,RU,2022-07-29 01:34:50,53.125,48.8531,63.25,77,45,4.56
408,General Roca,AR,2022-07-29 01:34:50,-39.0333,-67.5833,50.49,53,0,12.08
409,Boa Vista,BR,2022-07-29 01:34:50,2.8197,-60.6733,78.78,78,75,2.3
410,Champerico,GT,2022-07-29 01:34:51,14.3,-91.9167,77.27,91,100,9.84
411,Dicabisagan,PH,2022-07-29 01:34:51,17.0818,122.4157,87.49,66,100,1.12
412,Ginda,IN,2022-07-29 01:34:51,30.6945,78.4932,67.35,94,97,1.7
413,Bafra,TR,2022-07-29 01:34:52,41.5678,35.9069,68.83,80,0,4.79
414,Nikolayevsk-Na-Amure,RU,2022-07-29 01:34:52,53.1406,140.73,81.55,42,84,3.44
415,Kutum,SD,2022-07-29 01:34:52,14.2,24.6667,75.09,59,100,6.71
416,Beringovskiy,RU,2022-07-29 01:34:53,63.05,179.3167,48.92,79,100,13.0
417,Sulangan,PH,2022-07-29 01:34:53,11.1373,123.7228,84.29,73,100,9.35
418,Grindavik,IS,2022-07-29 01:35:53,63.8424,-22.4338,46.87,87,100,12.66
419,Gerede,TR,2022-07-29 01:35:54,40.8008,32.1969,58.35,63,0,3.06
420,Vila Velha,BR,2022-07-29 01:35:45,-20.3297,-40.2925,71.55,82,0,4.61
421,Chilca,PE,2022-07-29 01:35:54,-12.5211,-76.7372,60.55,82,83,2.59
422,Bakchar,RU,2022-07-29 01:35:54,57.0186,82.0711,63.86,92,67,7.72
423,Swan Hill,AU,2022-07-29 01:35:55,-35.3378,143.5544,54.39,46,4,6.4
424,Weihai,CN,2022-07-29 01:35:55,37.5017,122.1136,81.03,78,100,9.84
425,Mackenzie,CA,2022-07-29 01:30:58,55.2999,-123.1698,89.82,25,0,4.61
426,Udachnyy,RU,2022-07-29 01:35:55,66.4167,112.4,77.45,50,14,7.0
427,Verkhniy Baskunchak,RU,2022-07-29 01:35:56,48.2256,46.7217,76.66,50,12,6.89
428,Nyuksenitsa,RU,2022-07-29 01:35:56,60.4128,44.2397,60.24,92,36,5.97
429,Ekhabi,RU,2022-07-29 01:35:56,53.5102,142.9671,69.64,66,0,7.76
430,Berlevag,NO,2022-07-29 01:35:57,70.8578,29.0864,48.2,81,100,9.22
431,Coari,BR,2022-07-29 01:35:57,-4.085,-63.1414,76.42,58,1,0.38
432,Bandarbeyla,SO,2022-07-29 01:35:57,9.4942,50.8122,76.24,78,100,24.09
433,Casa Nova,BR,2022-07-29 01:35:58,-9.4167,-41.1333,74.05,60,0,17.67
434,Sabang,ID,2022-07-29 01:35:58,5.8933,95.3214,79.12,87,100,25.19
435,Dalgopol,BG,2022-07-29 01:35:58,43.05,27.35,68.11,85,3,0.67
436,Malumfashi,NG,2022-07-29 01:35:59,11.7853,7.6218,68.38,90,76,6.98
437,Kalangala,UG,2022-07-29 01:35:59,-0.3089,32.225,67.35,74,84,8.66
438,Yulara,AU,2022-07-29 01:35:59,-25.2406,130.9889,62.37,22,94,13.18
439,Makaryev,RU,2022-07-29 01:36:00,57.8797,43.8069,62.01,90,15,6.55
440,Tiksi,RU,2022-07-29 01:36:00,71.6872,128.8694,51.98,83,99,7.92
441,Santiago,CL,2022-07-29 01:33:58,-33.4569,-70.6483,52.25,70,0,4.61
442,Riyadh,SA,2022-07-29 01:36:00,24.6877,46.7219,91.54,34,100,4.88
443,Krasnoselkup,RU,2022-07-29 01:34:50,65.7,82.4667,63.3,63,0,13.27
444,Dire Dawa,ET,2022-07-29 01:36:01,9.5931,41.8661,69.01,67,46,11.18
445,Faya,SA,2022-07-29 01:36:01,18.3851,42.4509,69.91,51,50,4.41
446,Bembereke,BJ,2022-07-29 01:36:01,10.2283,2.6634,68.67,97,100,6.62
447,Placido De Castro,BR,2022-07-29 01:36:02,-10.3353,-67.1856,74.8,46,0,1.7
448,Rabo De Peixe,PT,2022-07-29 01:36:02,37.8,-25.5833,71.11,78,75,4.61
449,Guerrero Negro,MX,2022-07-29 01:36:02,27.9769,-114.0611,70.48,76,24,14.5
450,Leshukonskoye,RU,2022-07-29 01:36:03,64.8989,45.7622,63.12,98,70,2.59
451,Baghdad,IQ,2022-07-29 01:36:03,33.3406,44.4009,82.31,23,0,4.61
452,Aswan,EG,2022-07-29 01:36:03,24.0934,32.907,87.1,17,0,4.61
453,Novikovo,RU,2022-07-29 01:36:04,51.1537,37.8879,60.03,93,5,8.3
454,Kisanga,TZ,2022-07-29 01:36:04,-7.4362,37.7034,69.76,87,79,2.66
455,Ishigaki,JP,2022-07-29 01:36:04,24.3448,124.1572,84.33,89,75,6.91
456,Neuquen,AR,2022-07-29 01:36:05,-38.9516,-68.0591,51.69,54,0,0.0
457,Kiunga,PG,2022-07-29 01:36:05,-6.1219,141.2906,77.47,95,97,4.72
458,Lebedinyy,RU,2022-07-29 01:36:05,58.5167,125.5167,62.64,94,100,2.46
459,Jian,CN,2022-07-29 01:36:06,27.1172,114.9793,92.26,56,79,2.82
460,Sao Joao Da Barra,BR,2022-07-29 01:32:34,-21.6403,-41.0511,70.11,86,1,16.13
461,Dunedin,NZ,2022-07-29 01:36:06,-45.8742,170.5036,47.8,72,99,5.99
462,Sola,VU,2022-07-29 01:37:06,-13.8833,167.55,80.1,78,100,12.24
463,Guymon,US,2022-07-29 01:34:11,36.6828,-101.4816,82.4,54,0,11.5
464,Jishou,CN,2022-07-29 01:37:07,28.3167,109.7167,86.34,68,15,1.81
465,Pontian Kecil,MY,2022-07-29 01:37:07,1.4801,103.3899,80.92,73,93,7.87
466,Tiznit,MA,2022-07-29 01:37:08,29.5833,-9.5,73.04,54,0,0.58
467,Ouadda,CF,2022-07-29 01:37:08,8.0777,22.4007,66.13,96,100,3.78
468,Dukat,RU,2022-07-29 01:37:08,62.55,155.55,51.85,60,97,6.98
469,Kailua,US,2022-07-29 01:37:08,21.4022,-157.7394,84.18,61,0,10.36
470,Grand Baie,MU,2022-07-29 01:36:50,-20.0182,57.5802,68.47,76,1,3.0
471,Dolores,AR,2022-07-29 01:37:09,-36.3132,-57.6792,46.81,75,89,14.52
472,Manavalakurichi,IN,2022-07-29 01:37:09,8.1333,77.3,78.98,85,99,0.94
473,Arona,ES,2022-07-29 01:37:10,28.0996,-16.681,69.69,83,20,18.41
474,Kalmunai,LK,2022-07-29 01:37:10,7.4167,81.8167,76.95,89,100,4.27
475,Zhangye,CN,2022-07-29 01:37:10,38.9342,100.4517,82.56,22,75,1.25
476,Hasaki,JP,2022-07-29 01:37:10,35.7333,140.8333,91.29,75,5,14.94
477,Aksu,CN,2022-07-29 01:37:11,41.1231,80.2644,85.51,29,100,2.21
478,Srandakan,ID,2022-07-29 01:37:11,-7.9386,110.2506,80.19,75,75,8.95
479,Svetlaya,RU,2022-07-29 01:37:11,46.5389,138.3297,72.55,82,100,6.31
480,Vestmannaeyjar,IS,2022-07-29 01:37:12,63.4427,-20.2734,50.02,80,100,1.97
481,Moree,AU,2022-07-29 01:37:12,-29.4667,149.85,60.58,38,8,13.13
482,Sakaiminato,JP,2022-07-29 01:37:12,35.55,133.2333,91.33,62,20,6.91
483,Ancud,CL,2022-07-29 01:37:13,-41.8697,-73.8203,44.22,79,100,4.47
484,Nekhayevskiy,RU,2022-07-29 01:37:13,50.4106,41.7561,68.14,79,100,5.57
485,Wuwei,CN,2022-07-29 01:37:13,37.9281,102.6414,83.34,19,11,1.81
486,Joao Camara,BR,2022-07-29 01:37:14,-5.5375,-35.8197,69.28,97,68,8.05
487,Kuusamo,FI,2022-07-29 01:37:14,65.9667,29.1833,50.04,93,100,8.05
488,Alyangula,AU,2022-07-29 01:37:14,-13.8483,136.4192,77.2,53,53,15.08
489,Yashan,CN,2022-07-29 01:37:15,22.1975,109.9419,88.34,65,96,5.68
490,Kargasok,RU,2022-07-29 01:37:15,59.0556,80.8572,60.94,73,61,10.74
491,Hadrut,AZ,2022-07-29 01:37:15,39.52,47.0318,68.85,68,0,5.12
492,Mantua,IT,2022-07-29 01:37:16,45.1667,10.7833,72.95,78,53,1.01
493,Port Alberni,CA,2022-07-29 01:37:16,49.2413,-124.8028,97.88,42,0,7.0
494,Nakusp,CA,2022-07-29 01:37:16,50.2499,-117.8023,88.14,35,27,1.14
495,Nikolayevskaya,RU,2022-07-29 01:37:17,47.6139,41.5023,73.76,52,28,6.46
496,Sorland,NO,2022-07-29 01:37:17,67.667,12.6934,53.46,91,100,17.38
497,Eyl,SO,2022-07-29 01:37:17,7.9803,49.8164,75.61,78,75,19.69
498,Izhma,RU,2022-07-29 01:37:18,65.0083,53.9113,66.47,66,38,5.99
499,Collie,AU,2022-07-29 01:37:18,-33.3667,116.15,55.89,75,82,10.0
500,Tanout,NE,2022-07-29 01:37:18,14.9709,8.8879,76.37,66,90,9.55
501,Manthani,IN,2022-07-29 01:37:19,18.65,79.6667,82.09,79,83,3.58
502,Morant Bay,JM,2022-07-29 01:37:19,17.8815,-76.4093,83.82,81,43,8.23
503,Mabaruma,GY,2022-07-29 01:37:19,8.2,-59.7833,75.33,90,96,2.77
504,Hokitika,NZ,2022-07-29 01:37:20,-42.7167,170.9667,50.43,78,100,1.99
505,Lexington,US,2022-07-29 01:34:16,37.9887,-84.4777,80.6,78,0,3.44
506,Ust-Tsilma,RU,2022-07-29 01:37:20,65.441,52.1498,67.08,87,26,4.9
507,Nuuk,GL,2022-07-29 01:37:20,64.1835,-51.7216,43.41,87,100,8.05
508,Marsabit,KE,2022-07-29 01:37:21,2.3284,37.9899,58.89,74,87,16.62
509,Qasigiannguit,GL,2022-07-29 01:37:21,68.8193,-51.1922,52.05,75,87,4.05
510,Geraldton,AU,2022-07-29 01:34:27,-28.7667,114.6,63.01,94,40,6.91
511,Auki,SB,2022-07-29 01:38:21,-8.7676,160.7034,86.63,59,55,1.7
512,Manaure,CO,2022-07-29 01:38:22,11.7751,-72.4445,80.78,74,99,5.73
513,Terney,RU,2022-07-29 01:38:22,45.0503,136.6092,78.3,75,84,7.56
514,Kochetok,UA,2022-07-29 01:38:22,49.8801,36.7372,59.86,92,2,7.78
515,San Cristobal,VE,2022-07-29 01:38:23,7.7669,-72.225,66.38,96,99,1.61
516,Marienburg,PL,2022-07-29 01:38:23,54.0359,19.0266,56.88,93,3,2.73
517,Fergus Falls,US,2022-07-29 01:38:23,46.283,-96.0776,69.78,63,0,5.75
518,Toora-Khem,RU,2022-07-29 01:38:24,52.4675,96.11,62.69,55,99,1.92
519,Anadyr,RU,2022-07-29 01:38:24,64.75,177.4833,53.49,76,75,20.13
520,Upata,VE,2022-07-29 01:38:24,8.0086,-62.3989,77.2,96,85,3.31
521,Salto Del Guaira,PY,2022-07-29 01:38:25,-24.0625,-54.3069,71.1,67,100,6.4
522,Bizhbulyak,RU,2022-07-29 01:38:25,53.6967,54.2642,55.02,84,1,9.1
523,Biak,ID,2022-07-29 01:38:25,-0.9131,122.8766,73.24,96,100,4.52
524,Chipinge,ZW,2022-07-29 01:38:26,-20.1883,32.6236,44.85,88,0,3.06
525,Cabinda,AO,2022-07-29 01:38:26,-5.55,12.2,69.4,89,38,2.21
526,Quatre Cocos,MU,2022-07-29 01:38:26,-20.2078,57.7625,68.11,75,10,12.77
527,Tambacounda,SN,2022-07-29 01:38:26,13.7539,-13.7586,77.86,81,99,12.08
528,Vera Cruz,BR,2022-07-29 01:38:27,-12.6333,-41.0333,65.79,87,100,3.85
529,Clinton,US,2022-07-29 01:36:50,42.587,-82.9199,75.92,55,75,12.66
530,Biltine,TD,2022-07-29 01:38:27,14.5333,20.9167,78.84,69,97,7.99
531,Lavrentiya,RU,2022-07-29 01:38:27,65.5833,-171.0,46.22,86,99,4.59
532,Jacareacanga,BR,2022-07-29 01:38:28,-6.2222,-57.7528,74.35,53,5,0.94
533,Belozerskoye,RU,2022-07-29 01:38:28,55.8214,65.5842,58.19,84,89,13.35
534,Bratsk,RU,2022-07-29 01:38:29,56.1325,101.6142,59.49,99,100,5.73
535,Kupang,ID,2022-07-29 01:38:29,-10.1667,123.5833,82.74,49,74,13.09
536,Eenhana,NA,2022-07-29 01:38:29,-17.4667,16.3333,56.1,36,25,4.56
537,Ust-Nera,RU,2022-07-29 01:38:29,64.5667,143.2,71.08,36,100,5.44
538,Sampit,ID,2022-07-29 01:38:30,-2.5333,112.95,84.06,72,47,2.75
539,Ugoofaaru,MV,2022-07-29 01:38:30,5.6667,73.0,81.32,78,100,17.47
540,Conway,US,2022-07-29 01:38:30,35.0887,-92.4421,85.84,70,40,4.61
541,Veinte De Noviembre,MX,2022-07-29 01:38:31,14.9833,-92.25,78.49,97,100,2.93
542,Hungen,DE,2022-07-29 01:38:31,50.4737,8.8933,66.74,54,100,4.59
543,Darnah,LY,2022-07-29 01:36:02,32.767,22.6367,78.04,80,0,14.09
544,Kununurra,AU,2022-07-29 01:38:31,-15.7667,128.7333,78.78,22,5,16.11
545,Beyneu,KZ,2022-07-29 01:38:32,45.3167,55.2,74.43,61,0,4.23
546,Aloleng,PH,2022-07-29 01:38:32,16.1307,119.7824,85.3,74,78,7.11
547,Okato,NZ,2022-07-29 01:38:32,-39.2,173.8833,58.51,64,53,5.01
548,Mumford,GH,2022-07-29 01:38:33,5.2618,-0.759,75.04,81,100,13.33
549,Vila Franca Do Campo,PT,2022-07-29 01:38:33,37.7167,-25.4333,72.01,91,12,4.32
550,Lujan,AR,2022-07-29 01:38:33,-34.5703,-59.105,49.95,72,0,7.0
551,Barstow,US,2022-07-29 01:34:46,34.8986,-117.0228,101.39,14,0,13.06
552,Kruisfontein,ZA,2022-07-29 01:39:34,-34.0033,24.7314,58.71,37,0,9.51
553,Puerto Baquerizo Moreno,EC,2022-07-29 01:34:47,-0.9,-89.6,69.98,86,90,11.63
554,Chapais,CA,2022-07-29 01:39:34,49.7834,-74.8492,62.38,98,28,5.23
555,Aklavik,CA,2022-07-29 01:37:54,68.2191,-135.0107,51.35,66,100,4.16
556,Alberton,CA,2022-07-29 01:39:35,46.8168,-64.0654,68.13,87,89,10.04
557,Hobyo,SO,2022-07-29 01:36:41,5.3505,48.5268,75.34,87,81,20.96
558,Minden,DE,2022-07-29 01:39:35,52.2833,8.9167,64.62,48,75,5.75
559,Buala,SB,2022-07-29 01:39:35,-8.145,159.5921,85.08,68,69,10.22
560,Amapa,BR,2022-07-29 01:39:06,1.0,-52.0,70.75,98,100,1.34
561,Constantine,DZ,2022-07-29 01:39:36,36.365,6.6147,76.41,57,0,4.61
562,Lasa,IT,2022-07-29 01:36:42,46.6166,10.7002,59.88,92,96,1.36
563,Roebourne,AU,2022-07-29 01:39:36,-20.7833,117.1333,75.33,23,42,13.85
564,Colac,AU,2022-07-29 01:39:37,-38.3333,143.5833,49.84,57,6,3.67
565,Davis,US,2022-07-29 01:39:37,41.0005,-112.0013,100.45,19,0,10.36
566,Manzhouli,CN,2022-07-29 01:39:37,49.6,117.4333,74.39,50,47,9.78
567,Blagodatnoye,RU,2022-07-29 01:37:33,45.3997,42.5867,68.92,55,0,4.45
568,Nalbari,IN,2022-07-29 01:39:38,26.4456,91.4354,84.18,82,76,1.14
569,Kayerkan,RU,2022-07-29 01:39:38,69.3497,87.7602,59.52,72,0,9.28
570,Gimli,CA,2022-07-29 01:39:38,50.6336,-96.9907,63.18,74,6,6.42
571,Boyabat,TR,2022-07-29 01:39:39,41.4689,34.7667,59.13,84,0,0.43
572,Galveston,US,2022-07-29 01:39:39,29.3669,-94.9669,87.94,76,20,12.66
573,Vanavara,RU,2022-07-29 01:39:39,60.34,102.2797,64.63,89,98,7.29
574,Kihei,US,2022-07-29 01:39:39,20.785,-156.4656,87.82,77,40,19.57
575,Kiama,AU,2022-07-29 01:39:40,-34.6833,150.8667,60.39,45,1,13.13
576,Gat,IL,2022-07-29 01:38:04,31.61,34.7642,82.4,76,6,2.64
577,Caravelas,BR,2022-07-29 01:39:40,-17.7125,-39.2481,68.76,83,50,6.31
578,Kangar,MY,2022-07-29 01:39:40,6.4414,100.1986,78.76,83,94,1.63
579,Ninghai,CN,2022-07-29 01:39:41,29.2892,121.4247,86.41,71,0,4.76
580,Carlos Barbosa,BR,2022-07-29 01:39:41,-29.2975,-51.5036,56.53,97,100,7.54
581,Springbok,ZA,2022-07-29 01:39:41,-29.6643,17.8865,45.1,79,96,11.14
582,Zholymbet,KZ,2022-07-29 01:39:42,51.7433,71.7122,62.8,85,100,8.7
583,Salekhard,RU,2022-07-29 01:39:42,66.53,66.6019,67.64,53,52,7.07
584,Tilichiki,RU,2022-07-29 01:39:42,60.4667,166.1,52.92,65,98,8.14
585,Blackwater,AU,2022-07-29 01:39:43,-23.5833,148.8833,66.06,42,6,4.23
586,Las Vegas,US,2022-07-29 01:38:05,36.175,-115.1372,101.98,27,0,9.22
587,Sao Felix Do Xingu,BR,2022-07-29 01:39:43,-6.6447,-51.995,72.39,49,0,1.14
588,Karratha,AU,2022-07-29 01:39:43,-20.7377,116.8463,76.3,29,41,13.69
589,Sao Jose Dos Pinhais,BR,2022-07-29 01:35:21,-25.5347,-49.2064,69.84,62,0,10.36
590,San Vicente,AR,2022-07-29 01:39:44,-26.6167,-54.1333,57.9,92,100,7.43
591,Stephenville,US,2022-07-29 01:39:44,32.2207,-98.2023,95.81,30,0,9.22
592,Payson,US,2022-07-29 01:37:13,40.0444,-111.7321,87.42,30,0,24.16
593,Festus,US,2022-07-29 01:39:45,38.2206,-90.396,73.98,98,93,3.87
594,Anito,PH,2022-07-29 01:39:45,12.4497,125.2886,85.93,70,100,6.85
595,Lazaro Cardenas,MX,2022-07-29 01:39:45,17.9583,-102.2,80.28,76,35,1.34
596,Sakata,JP,2022-07-29 01:40:45,38.9167,139.855,80.78,74,75,8.05
597,Port Moresby,PG,2022-07-29 01:40:46,-9.4431,147.1797,83.62,70,40,17.27
598,Valdivia,CL,2022-07-29 01:40:46,-39.8142,-73.2459,44.69,98,7,1.97
599,Ojinaga,MX,2022-07-29 01:40:46,29.5667,-104.4167,88.75,48,40,8.05
600,California City,US,2022-07-29 01:40:47,35.1258,-117.9859,101.75,16,0,20.71
601,Valday,RU,2022-07-29 01:40:47,57.9747,33.2525,54.3,87,100,4.81
602,Karwar,IN,2022-07-29 01:40:47,14.8,74.1333,78.51,89,88,6.46
603,Kushiro,JP,2022-07-29 01:40:48,42.975,144.3747,72.55,83,75,10.36
604,Lunenburg,CA,2022-07-29 01:37:38,44.3835,-64.3155,66.06,77,52,6.91
605,Babu,CN,2022-07-29 01:40:48,24.4167,111.5167,91.2,58,83,2.28
606,Mehamn,NO,2022-07-29 01:40:48,71.0357,27.8492,48.15,87,100,4.61
607,Mulanje,MW,2022-07-29 01:40:49,-16.0316,35.5,54.34,97,7,4.45
608,Half Moon Bay,US,2022-07-29 01:40:49,37.4636,-122.4286,73.87,80,100,19.57
609,Okhotsk,RU,2022-07-29 01:40:49,59.3833,143.3,66.02,74,35,6.6
610,Latiano,IT,2022-07-29 01:40:49,40.5529,17.7205,81.16,65,0,5.97
611,Srednekolymsk,RU,2022-07-29 01:40:50,67.45,153.6833,67.26,30,5,9.6
612,La Paz,BO,2022-07-29 01:36:32,-16.5,-68.15,42.78,20,11,2.3
613,Urucara,BR,2022-07-29 01:40:50,-2.5364,-57.76,78.93,70,93,2.55
614,Pakxan,LA,2022-07-29 01:40:50,18.3778,103.6601,85.44,69,100,1.45
615,Ayagoz,KZ,2022-07-29 01:40:51,47.9714,80.4392,79.39,31,96,16.37
616,Fukue,JP,2022-07-29 01:40:51,32.6881,128.8419,86.36,70,20,9.22
617,Spirit River,CA,2022-07-29 01:40:51,55.7833,-118.8361,86.43,53,0,9.78
618,Necochea,AR,2022-07-29 01:40:52,-38.5473,-58.7368,44.13,91,17,11.07
619,Mushie,CD,2022-07-29 01:40:52,-3.0167,16.9,74.01,61,100,4.99
620,Natal,BR,2022-07-29 01:36:29,-5.795,-35.2094,75.42,94,20,4.61
621,Kudahuvadhoo,MV,2022-07-29 01:40:52,2.6708,72.8944,82.27,74,99,12.55
622,Oktyabrskiy,RU,2022-07-29 01:40:53,54.4815,53.471,56.52,82,1,4.61
623,Hirara,JP,2022-07-29 01:40:53,24.8,125.2833,84.47,89,40,11.5
624,Narrabri,AU,2022-07-29 01:40:53,-30.3167,149.7833,60.53,58,4,4.0
625,Ranfurly,NZ,2022-07-29 01:40:54,-45.1333,170.1,43.02,81,97,4.9
626,Namatanai,PG,2022-07-29 01:40:54,-3.6667,152.4333,84.42,68,48,11.59
627,Saint Anthony,US,2022-07-29 01:40:54,45.0205,-93.218,72.66,57,0,14.97
628,Sisimiut,GL,2022-07-29 01:40:55,66.9395,-53.6735,42.28,89,100,4.76
629,Lorengau,PG,2022-07-29 01:40:55,-2.0226,147.2712,84.65,72,35,13.71
630,Caucaia,BR,2022-07-29 01:39:45,-3.7361,-38.6531,80.04,77,0,5.75
631,Misratah,LY,2022-07-29 01:40:55,32.3754,15.0925,80.78,69,0,2.19
632,Prince Rupert,CA,2022-07-29 01:39:38,54.3161,-130.3201,67.69,79,0,16.11
633,Ambulu,ID,2022-07-29 01:40:56,-8.345,113.6058,81.14,65,100,2.91
634,Pokrovka,KG,2022-07-29 01:40:56,42.3414,78.0056,63.64,76,100,6.71
635,Banjarmasin,ID,2022-07-29 01:40:56,-3.3244,114.591,82.54,66,32,3.89
636,Dalvik,IS,2022-07-29 01:40:57,65.9702,-18.5286,51.73,96,100,9.46
637,Loukhi,RU,2022-07-29 01:40:57,66.0764,33.0381,52.0,82,100,11.23
638,Ramtek,IN,2022-07-29 01:40:57,21.4,79.3333,79.56,83,88,2.37
639,Basco,PH,2022-07-29 01:40:58,20.4487,121.9702,85.93,72,100,11.01
640,Borogontsy,RU,2022-07-29 01:40:58,62.6683,131.1683,89.08,31,1,3.38
641,Dakoro,NE,2022-07-29 01:40:58,14.5106,6.765,77.27,67,100,9.13
642,Kjollefjord,NO,2022-07-29 01:40:59,70.9457,27.3465,50.05,87,100,4.61
643,Marsa Matruh,EG,2022-07-29 01:41:59,31.3525,27.2453,73.6,83,0,3.44
644,Paredon,MX,2022-07-29 01:41:59,16.0333,-93.8667,80.4,81,38,1.05
645,Shimoda,JP,2022-07-29 01:42:00,34.6667,138.95,91.11,72,2,7.63
646,Esperance,AU,2022-07-29 01:38:16,-33.8667,121.9,63.9,73,93,15.05
647,Jiayuguan,CN,2022-07-29 01:42:00,39.8167,98.3,83.43,10,10,7.38
648,Boyolangu,ID,2022-07-29 01:42:00,-8.1181,111.8935,78.42,77,97,6.62
649,Kandrian,PG,2022-07-29 01:42:01,-6.2167,149.55,85.98,67,47,12.37
650,Louis Trichardt,ZA,2022-07-29 01:42:01,-23.0439,29.9032,49.93,83,0,2.68
651,Cody,US,2022-07-29 01:42:01,44.5263,-109.0565,81.03,26,0,13.8
652,Medea,DZ,2022-07-29 01:42:02,36.2642,2.7539,74.97,48,0,3.8
653,Capaci,IT,2022-07-29 01:42:02,38.1711,13.2393,81.25,56,0,1.14
654,Mackay,AU,2022-07-29 01:42:02,-21.15,149.2,64.72,68,100,11.59
655,Morondava,MG,2022-07-29 01:42:02,-20.2833,44.2833,67.77,72,17,7.18
656,Shenzhen,CN,2022-07-29 01:37:10,22.5455,114.0683,93.15,73,81,5.82
657,Panama City,PA,2022-07-29 01:39:20,8.9936,-79.5197,77.43,88,40,5.75
658,Manacapuru,BR,2022-07-29 01:42:03,-3.2997,-60.6206,78.89,61,6,2.51
659,Akyab,MM,2022-07-29 01:42:03,20.15,92.9,83.93,76,67,4.23
660,Acarau,BR,2022-07-29 01:42:04,-2.8856,-40.12,77.18,84,89,10.31
661,Lhokseumawe,ID,2022-07-29 01:42:04,5.1801,97.1507,80.19,79,72,1.57
662,Nador,MA,2022-07-29 01:42:04,35.174,-2.9287,75.45,64,0,2.3
663,Klaksvik,FO,2022-07-29 01:42:05,62.2266,-6.589,52.72,89,100,16.58
664,Valera,VE,2022-07-29 01:42:05,9.3178,-70.6036,70.52,95,98,4.09
665,Acajutla,SV,2022-07-29 01:42:05,13.5928,-89.8275,78.64,86,99,3.27
666,Popondetta,PG,2022-07-29 01:42:06,-8.7537,148.2534,89.62,55,78,1.83
667,Harnosand,SE,2022-07-29 01:42:06,62.6323,17.9379,52.0,70,8,8.12
668,Arlit,NE,2022-07-29 01:42:06,18.7369,7.3853,86.22,45,82,3.42
669,Pagudpud,PH,2022-07-29 01:42:07,18.5616,120.7868,87.76,68,87,4.76
670,Sheridan,US,2022-07-29 01:42:07,44.8333,-106.9173,86.38,27,0,0.0
671,Mandalgovi,MN,2022-07-29 01:42:07,45.7625,106.2708,69.26,41,33,9.1
672,Antigonish,CA,2022-07-29 01:42:08,45.6169,-61.9986,68.83,83,24,6.22
673,San Policarpo,PH,2022-07-29 01:42:08,12.1791,125.5072,82.81,82,100,4.7
674,Maltahohe,NA,2022-07-29 01:42:08,-24.8333,16.9833,51.4,20,5,9.64
675,Ketchikan,US,2022-07-29 01:42:09,55.3422,-131.6461,75.67,60,0,8.05
676,Adjumani,UG,2022-07-29 01:42:09,3.3779,31.7909,66.15,98,98,2.68
677,Roald,NO,2022-07-29 01:42:09,62.5833,6.1333,54.75,93,100,3.44
678,Labrea,BR,2022-07-29 01:42:10,-7.2586,-64.7981,75.67,52,0,1.1
679,Westport,US,2022-07-29 01:40:51,41.1415,-73.3579,81.09,88,0,3.44
